StatisticID,Code,TimePeriodCode,DataScenarioCode,ItemTypeCode,EntityCode,DepartmentCode,StatisticsCode,January,February,March,April,May,June,July,August,September,October,November,December,
1,FSACT,ABSFY2019,ABSFY2019ACTUAL,ST,MH,C6010,U100,270.0000000000,256.0000000000,249.0000000000,257.0000000000,252.0000000000,251.0000000000,264.0000000000,254.0000000000,271.0000000000,290.0000000000,253.0000000000,268.0000000000,

